1	0	 	ADV	verb		 	ROOT	0
1	1	Hagios	NOUN	noun	Case=Acc|Gender=Masc|Number=Plur	Hagios	advcl	0
1	2	,	PUNCT	punc		,	punct	3
1	3	hagios	NOUN	noun	Case=Acc|Gender=Masc|Number=Plur	hagius	conj	1
1	4	,	PUNCT	punc		,	punct	5
1	5	hagios	NOUN	noun	Case=Acc|Gender=Masc|Number=Plur	hagius	conj	1
1	6	,	PUNCT	punc		,	punct	7
1	7	sancte	ADJ	adjective	Case=Voc|Gender=Masc|Number=Sing	sanctus	conj	1
1	8	sanctorum	ADJ	adjective	Case=Gen|Gender=Masc|Number=Plur	sanctus	nmod	7
1	9	,	PUNCT	punc		,	punct	10
1	10	pater	NOUN	noun	Case=Nom|Gender=Masc|Number=Sing	pater	conj	1
1	11	patrum	NOUN	noun	Case=Gen|Gender=Masc|Number=Plur	pater	nmod	10
1	12	nostrorum	DET	adjective	Case=Gen|Gender=Masc|Number=Plur	noster	det	11
1	13	,	PUNCT	punc		,	punct	14
1	14	Deus	NOUN	noun	Case=Nom|Gender=Masc|Number=Sing	Deus	conj	1
1	15	Abraham	PROPN	proper_noun		Abraham	nmod	14
1	16	,	PUNCT	punc		,	punct	17
1	17	Deus	NOUN	noun	Case=Nom|Gender=Masc|Number=Sing	Deus	conj	1
1	18	Isaac	PROPN	proper_noun		Isaac	nmod	17
1	19	,	PUNCT	punc		,	punct	20
1	20	Deus	NOUN	noun	Case=Nom|Gender=Masc|Number=Sing	Deus	conj	1
1	21	Iacob	PROPN	proper_noun		Iacob	nmod	20
1	22	,	PUNCT	punc		,	punct	23
1	23	Deus	NOUN	noun	Case=Nom|Gender=Masc|Number=Sing	Deus	conj	1
1	24	prophetarum	NOUN	noun	Case=Gen|Gender=Masc|Number=Plur	propheta	nmod	23
1	25	,	PUNCT	punc		,	punct	26
1	26	Deus	NOUN	noun	Case=Nom|Gender=Masc|Number=Sing	Deus	conj	1
1	27	apostolorum	NOUN	noun	Case=Gen|Gender=Masc|Number=Plur	apostolus	nmod	26
1	28	,	PUNCT	punc		,	punct	29
1	29	Deus	NOUN	noun	Case=Nom|Gender=Masc|Number=Sing	Deus	conj	1
1	30	uirginum	NOUN	noun	Case=Gen|Gender=Fem|Number=Plur	uirgo	nmod	29
1	31	,	PUNCT	punc		,	punct	32
1	32	Deus	NOUN	noun	Case=Nom|Gender=Masc|Number=Sing	Deus	conj	1
1	33	bene	ADV	adverb		bene	advmod	34
1	34	uiuentium	VERB	verb	Case=Gen|Gender=Masc|Number=Plur|VerbForm=Part|Voice=Act	uiuo	acl	32
1	35	,	PUNCT	punc		,	punct	36
1	36	Deus	NOUN	noun	Case=Nom|Gender=Masc|Number=Sing	Deus	conj	1
1	37	credentium	VERB	verb	Case=Gen|Gender=Masc|Number=Plur|VerbForm=Part|Voice=Act	credo	acl	36
1	38	,	PUNCT	punc		,	punct	39
1	39	Deus	NOUN	noun	Case=Nom|Gender=Masc|Number=Sing	Deus	conj	1
1	40	et	CCONJ	conjunction		et	cc	41
1	41	pater	NOUN	noun	Case=Nom|Gender=Masc|Number=Sing	pater	conj	39
1	42	Domini	NOUN	noun	Case=Gen|Gender=Masc|Number=Sing	Dominus	nmod	39
1	43	nostri	DET	adjective	Case=Gen|Gender=Masc|Number=Sing	noster	det	42
1	44	Iesu	PROPN	proper_noun	Case=Gen|Gender=Masc|Number=Sing	Iesus	nmod	42
1	45	Christi	PROPN	adjective	Case=Gen|Gender=Masc|Number=Sing	Christus	amod	44
1	46	filii	NOUN	noun	Case=Nom|Gender=Masc|Number=Plur	filius	nmod	44
1	47	tui	DET	adjective	Case=Gen|Gender=Masc|Number=Sing	tu	det	46
1	48	:	PUNCT	punc		:	punct	0
1	49	te	PRON	pronoun	Case=Acc|Number=Sing|Person=2	tu	obj	50
1	50	inuocamus	VERB	verb	Mood=Ind|Number=Plur|Person=1|Tense=Pres|VerbForm=Fin|Voice=Act	inuoco	ROOT	50
1	51	supplices	NOUN	noun	Case=Nom|Gender=Masc|Number=Plur	supplex	xcomp	50
1	52	pariter	ADV	adverb		pariter	advmod	50
1	53	et	ADV	conjunction		et	advmod:emph	54
1	54	deprecamur	VERB	verb	Mood=Ind|Number=Plur|Person=1|Tense=Pres|VerbForm=Fin|Voice=Pass	deprecor	conj	50
1	55	[	PUNCT	punc		[	acl	49
1	56	fili	NOUN	noun	Case=Voc|Gender=Masc|Number=Sing	filum	obl	50
1	57	unigenite	ADJ	adverb	Case=Voc|Gender=Masc|Number=Sing	unigenitus	amod	56
1	58	]	PUNCT	punc		]	advcl	50
1	59	,	PUNCT	punc		,	punct	64
1	60	qui	PRON	pronoun	Case=Nom|Gender=Masc|Number=Sing	qui	nsubj:pass	64
1	61	ex	ADP	preposition		ex	case	62
1	62	ore	NOUN	noun	Case=Abl|Gender=Neut|Number=Sing	os	obl	64
1	63	altissimi	ADJ	adjective	Case=Gen|Gender=Masc|Number=Sing	altus	nmod	62
1	64	procreatus	VERB	verb	Case=Nom|Gender=Masc|Number=Sing|VerbForm=Part|Voice=Pass	procreo	acl	49
1	65	es	AUX	verb	Mood=Ind|Number=Sing|Person=2|Tense=Pres|VerbForm=Fin	sum	aux:pass	64
1	66	ante	ADP	preposition		ante	case	68
1	67	mundi	NOUN	noun	Case=Gen|Gender=Masc|Number=Sing	mundus	nmod	68
1	68	dispositionem	NOUN	noun	Case=Acc|Gender=Fem|Number=Sing	dispositio	obl	64
1	69	et	CCONJ	conjunction		et	cc	77
1	70	ex	ADP	preposition		ex	case	71
1	71	Mariae	PROPN	proper_noun	Case=Gen|Gender=Fem|Number=Sing	Maria	nmod	74
1	72	sanctae	ADJ	adjective	Case=Gen|Gender=Fem|Number=Sing	sanctus	amod	73
1	73	uirginis	NOUN	noun	Case=Gen|Gender=Fem|Number=Sing	uirgo	nmod	74
1	74	utero	NOUN	noun	Case=Abl|Gender=Masc|Number=Sing	uterus	obl	77
1	75	per	ADP	preposition		per	case	76
1	76	mysterium	NOUN	noun	Case=Acc|Gender=Neut|Number=Sing	mysterium	obl	77
1	77	editus	VERB	verb	Case=Nom|Gender=Masc|Number=Sing|VerbForm=Part|Voice=Pass	edo	conj	64
1	78	:	PUNCT	punc		:	punct	50
1	79	orantibus	VERB	verb	Case=Abl|Gender=Masc|Number=Plur|VerbForm=Part|Voice=Act	oro	advcl:abs	87
1	80	nobis	PRON	pronoun	Case=Abl|Number=Plur|Person=1	nos	nsubj	79
1	81	desiderium	NOUN	noun	Case=Acc|Gender=Neut|Number=Sing	desiderium	obj	87
1	82	animae	NOUN	noun	Case=Gen|Gender=Fem|Number=Sing	anima	nmod	81
1	83	,	PUNCT	punc		,	punct	81
1	84	etiam	ADV	adverb		etiam	advmod:emph	87
1	85	integritatem	NOUN	noun	Case=Acc|Gender=Fem|Number=Sing	integritas	obj	87
1	86	cordis	NOUN	noun	Case=Gen|Gender=Neut|Number=Sing	cor	nmod	85
1	87	praestare	VERB	verb	Gender=Neut|Number=Sing|Tense=Pres|VerbForm=Inf|Voice=Act	praesto	csubj	88
1	88	dignare	VERB	verb	Gender=Neut|Number=Sing|Tense=Pres|VerbForm=Inf|Voice=Act	digno	ROOT	88
1	89	,	PUNCT	punc		,	punct	98
1	90	ut	SCONJ	conjunction		ut	mark	98
1	91	lauacro	NOUN	noun	Case=Abl|Gender=Neut|Number=Sing	lauacrum	obl	98
1	92	salutari	VERB	verb	Gender=Neut|Number=Sing|Tense=Pres|VerbForm=Inf|Voice=Pass	saluto	amod	91
1	93	expiatum	VERB	verb	Case=Nom|Gender=Neut|Number=Sing|VerbForm=Part|Voice=Pass	expio	acl	94
1	94	pectus	NOUN	noun	Case=Nom|Gender=Neut|Number=Sing	pectus	nsubj	98
1	95	delictis	NOUN	noun	Case=Abl|Gender=Neut|Number=Plur	delictus	obl	98
1	96	carnalibus	ADJ	adjective	Case=Abl|Gender=Neut|Number=Plur	carnalis	amod	95
1	97	incolume	ADV	adverb		incolumis	advmod	98
1	98	persistat	VERB	verb	Mood=Sub|Number=Sing|Person=3|Tense=Pres|VerbForm=Fin|Voice=Act	persisto	advcl	88
1	99	.	PUNCT	punc		.	punct	88
1	100	petimus	VERB	verb	Mood=Ind|Number=Plur|Person=1|Tense=Pres|VerbForm=Fin|Voice=Act	peto	ROOT	100
1	101	fide	NOUN	noun	Case=Abl|Gender=Fem|Number=Sing	fides	obl	100
1	102	inlibata	VERB	adjective	Case=Abl|Gender=Fem|Number=Sing|VerbForm=Part|Voice=Pass	inlibata	amod	101
1	103	,	PUNCT	punc		,	punct	104
1	104	mente	NOUN	noun	Case=Abl|Gender=Fem|Number=Sing	mens	obl	100
1	105	incorrupta	ADJ	adjective	Case=Abl|Gender=Fem|Number=Sing	incorruptus	amod	104
1	106	,	PUNCT	punc		,	punct	107
1	107	deuotione	NOUN	noun	Case=Abl|Gender=Fem|Number=Sing	deuotio	conj	100
1	108	robusta	ADJ	adjective	Case=Abl|Gender=Fem|Number=Sing	robustus	amod	107
1	109	,	PUNCT	punc		,	punct	110
1	110	operatione	NOUN	noun	Case=Abl|Gender=Fem|Number=Sing	operatio	conj	100
1	111	seu	CCONJ	conjunction		siue	cc	112
1	112	dilectione	NOUN	noun	Case=Abl|Gender=Fem|Number=Sing	dilectio	conj	110
1	113	continua	ADJ	adjective	Case=Abl|Gender=Fem|Number=Sing	continuus	amod	110
1	114	,	PUNCT	punc		,	punct	122
1	115	in	ADP	preposition		in	case	117
1	116	tua	DET	adjective	Case=Abl|Gender=Fem|Number=Sing	tuus	det	117
1	117	ecclesia	NOUN	noun	Case=Abl|Gender=Fem|Number=Sing	ecclesia	obl	122
1	118	sancta	ADJ	adjective	Case=Abl|Gender=Fem|Number=Sing	sanctus	amod	117
1	119	semper	ADV	adverb		semper	advmod:tmod	122
1	120	nos	PRON	pronoun	Case=Nom|Number=Plur|Person=1	nos	nsubj:pass	122
1	121	florere	VERB	verb	Case=Acc|Gender=Neut|Number=Sing|Tense=Pres|VerbForm=Inf|Voice=Act	floreo	xcomp	122
1	122	permittas	VERB	verb	Mood=Sub|Number=Sing|Person=2|Tense=Pres|VerbForm=Fin|Voice=Act	permitto	conj	100
1	123	:	PUNCT	punc		:	punct	100
1	124	1	NUM	number		1	nsubj	125
1	125	praeciebant	VERB	verb	Mood=Ind|Number=Plur|Person=3|Tense=Imp|VerbForm=Fin|Voice=Act	praeciebant	parataxis	130
1	126	T	NOUN	NOUN		Titus	obl	125
1	127	2	NUM	number		2	nummod	126
1	128	circumcedebant	VERB	verb	Mood=Ind|Number=Plur|Person=3|Tense=Imp|VerbForm=Fin|Voice=Act	circumcedo	conj	125
1	129	Q	NOUN	NOUN		Q	obj	130
1	130	uidetis	VERB	verb	Mood=Ind|Number=Plur|Person=2|Tense=Pres|VerbForm=Fin|Voice=Act	uideo	ccomp:reported	100
1	131	om	NOUN	adjective		om	obl	130
1	132	.	PUNCT	punc		.	punct	131
1	133	B.	PUNCT	punc		B.	obl	137
1	134	—	PUNCT	punc		—	punct	136
1	135	Caecili	ADJ	adjective	Case=Gen|Gender=Masc|Number=Sing	Caecilius	amod	136
1	136	Cypriani	ADJ	adjective	Case=Voc|Gender=Masc|Number=Plur	Cyprianus	appos	133
1	137	adnersus	VERB	verb	Case=Nom|Gender=Masc|Number=Sing|VerbForm=Part|Voice=Pass	adnerto	advcl	146
1	138	Iudeos	PROPN	noun	Case=Acc|Gender=Masc|Number=Plur	Iudaeus	obj	137
1	139	qui	PRON	pronoun	Case=Nom|Gender=Masc|Number=Plur	qui	nsubj:pass	140
1	140	insecuti	VERB	verb	Case=Nom|Gender=Masc|Number=Plur|VerbForm=Part|Voice=Pass	insequor	acl:relcl	138
1	141	sunt	AUX	verb	Mood=Ind|Number=Plur|Person=3|Tense=Pres|VerbForm=Fin	sum	aux:pass	140
1	142	dominum	NOUN	noun	Case=Acc|Gender=Masc|Number=Sing	dominus	obj	140
1	143	nostrum	DET	adjective	Case=Acc|Gender=Masc|Number=Sing	noster	det	142
1	144	Iesum	PROPN	proper_noun	Case=Acc|Gender=Masc|Number=Sing	Iesus	flat	142
1	145	Christum	PROPN	adjective	Case=Acc|Gender=Masc|Number=Sing	Christus	flat:name	144
1	146	explicit	VERB	verb	Mood=Ind|Number=Plur|Person=3|Tense=Fut|VerbForm=Fin|Voice=Act	explicit	ROOT	146
1	147	QT	NOUN	conjunction		QT	obl:arg	146
1	148	,	PUNCT	punc		,	punct	151
1	149	Aduersus	ADP	proper_noun		Aduersus	case	150
1	150	Iudeos	PROPN	noun	Case=Acc|Gender=Masc|Number=Plur	Iudaeus	obl	151
1	151	explicit	VERB	verb	Mood=Ind|Number=Plur|Person=3|Tense=Fut|VerbForm=Fin|Voice=Act	explicit	advcl	146
1	152	B	NOUN	NOUN		Bornellum	obl:arg	151
1	153	.	PUNCT	punc		.	punct	152
1	154	—	PUNCT	punc		—	punct	155
1	155	Oratio	NOUN	noun	Case=Nom|Gender=Fem|Number=Sing	oratio	nsubj	158
1	156	I.	PUNCT	punc		I.	punct	155
1	157	—	PUNCT	punc		—	punct	155
1	158	Incipit	VERB	verb	Mood=Ind|Number=Sing|Person=3|Tense=Pres|VerbForm=Fin|Voice=Act	incipio	ROOT	158
1	159	oratio	NOUN	noun	Case=Nom|Gender=Fem|Number=Sing	oratio	nsubj	158
1	160	Cypriani	ADJ	adjective	Case=Gen|Gender=Masc|Number=Sing	Cyprianus	nmod	159
1	161	T	NOUN	NOUN		Titus	advmod	158
1	162	,	PUNCT	punc		,	punct	163
1	163	Oratio	NOUN	noun	Case=Nom|Gender=Fem|Number=Sing	oratio	conj	158
1	164	Cypriani	NOUN	adjective	Case=Gen|Gender=Masc|Number=Sing	Cyprianus	nmod	163
1	165	EI	PRON	pronoun	Case=Dat|Gender=Masc|Number=Sing|Person=3	EI	orphan	163
1	166	.	PUNCT	punc		.	punct	158
1	167	—	PUNCT	punc		—	punct	169
1	168	5	NUM	number		5	nummod	169
1	169	agios	NOUN	noun	Case=Acc|Gender=Masc|Number=Plur	agius	ROOT	169
1	170	ET	CCONJ	conjunction		ET	cc	172
1	171	,	PUNCT	punc		,	punct	172
1	172	hagyos	NOUN	noun	Case=Acc|Gender=Masc|Number=Plur	hagyos	conj	169
1	173	I	NUM	number		I	nummod	172
1	174	pater	NOUN	noun	Case=Nom|Gender=Masc|Number=Sing	pater	orphan	172
1	175	om	NOUN	adjective		om	nmod	172
1	176	.	PUNCT	punc		.	punct	169
1	177	T	NOUN	NOUN		Titus	ROOT	177
1	178	6	NUM	number		6	nummod	177
1	179	abraham	PROPN	proper_noun		abraham	nmod	177
1	180	et	CCONJ	conjunction		et	cc	181
1	181	T	NOUN	NOUN		Titus	conj	179
1	182	7	NUM	number		7	nummod	181
1	183	apostolorum	NOUN	noun	Case=Gen|Gender=Masc|Number=Plur	apostolus	nmod	181
1	184	deus	NOUN	noun	Case=Nom|Gender=Masc|Number=Sing	deus	appos	179
1	185	prophetarum	NOUN	noun	Case=Gen|Gender=Masc|Number=Plur	propheta	nmod	184
1	186	EIv	ADV	verb		EIv	det	187
1	187	deus	PROPN	noun	Gender=Masc|Number=Sing	deus	conj	177
1	188	b.	PUNCT	punc		b.	punct	187
1	189	uiuentium	VERB	verb	Case=Gen|Gender=Masc|Number=Plur|VerbForm=Part|Voice=Act	uiuo	acl	187
1	190	om	NOUN	adjective		om	obl	189
1	191	.	PUNCT	punc		.	punct	190
1	192	EI	PRON	pronoun	Case=Dat|Gender=Masc|Number=Sing|Person=3	Is	ROOT	192
1	193	.	PUNCT	punc		.	punct	192
1	194	9	NUM	number		9	nummod	192
1	195	fili	NOUN	noun	Case=Voc|Gender=Masc|Number=Sing	filum	vocative	192
1	196	unigenite	ADJ	adjective	Case=Voc|Gender=Masc|Number=Sing	unigenitus	amod	195
1	197	om	NOUN	adjective		om	nmod	192
1	198	.	PUNCT	punc		.	punct	197
1	199	EIT	ADV	verb		EIT	ROOT	199
1	200	10	NUM	number		10	nummod	199
1	201	ex	ADP	preposition		ex	case	202
1	202	om	NOUN	adjective		om	obl	199
1	203	.	PUNCT	punc		.	punct	202
1	204	T	NOUN	pronoun		Titus	obl	210
1	205	11	NUM	number		11	nummod	204
1	206	uterum	NOUN	noun	Case=Acc|Gender=Masc|Number=Sing	uterum	nsubj	210
1	207	ET	CCONJ	conjunction		ET	cc	208
1	208	desiderium	NOUN	noun	Case=Nom|Gender=Neut|Number=Sing	desiderium	conj	206
1	209	animae	NOUN	noun	Case=Gen|Gender=Fem|Number=Sing	anima	nmod	208
1	210	EIT	VERB	verb	Mood=Ind|Number=Sing|Person=3|Tense=Fut|VerbForm=Fin|Voice=Act	EIT	ROOT	210
1	211	,	PUNCT	punc		,	punct	215
1	212	sancti	ADJ	adjective	Case=Gen|Gender=Neut|Number=Sing	sanctus	amod	213
1	213	desiderii	NOUN	noun	Case=Gen|Gender=Neut|Number=Sing	desiderium	nmod	215
1	214	spiritale	ADJ	adjective	Case=Nom|Gender=Neut|Number=Sing	spiritalis	amod	215
1	215	incrementum	NOUN	noun	Case=Nom|Gender=Neut|Number=Sing	incrementum	conj	210
1	216	v	NOUN	number		u	nummod	215
1	217	12	NUM	number		12	nummod	216
1	218	etiam	ADV	conjunction		etiam	advmod:emph	219
1	219	T	NOUN	NOUN		Titus	conj	210
1	220	,	PUNCT	punc		,	punct	222
1	221	et	CCONJ	conjunction		et	advmod:emph	222
1	222	EIv	INTJ	verb		EIv	conj	210
1	223	praestare	VERB	verb	Tense=Pres|VerbForm=Inf|Voice=Act	praesto	xcomp	222
1	224	dignare	VERB	verb	Case=Acc|Gender=Neut|Number=Sing|Tense=Pres|VerbForm=Inf|Voice=Act	digno	obj	223
1	225	om	NOUN	adjective		oms	obl	224
1	226	.	PUNCT	punc		.	punct	222
1	227	T	NOUN	pronoun		Titus	obl	238
1	228	13	NUM	number		13	nummod	227
1	229	eipiatum	VERB	verb	Case=Nom|Gender=Neut|Number=Sing|VerbForm=Part|Voice=Pass	eipio	csubj	238
1	230	T	NOUN	NOUN		Titus	nummod	229
1	231	recreatum	VERB	verb	Case=Acc|Gender=Masc|Number=Sing|VerbForm=Part|Voice=Pass	recreo	nmod	230
1	232	EIv	INTJ	verb		EIv	obl	238
1	233	a	ADP	preposition		ab	case	234
1	234	delictis	NOUN	noun	Case=Abl|Gender=Neut|Number=Plur	delictus	obl	232
1	235	v	NUM	number		u	nummod	236
1	236	incolumen	ADJ	adjective	Case=Nom|Gender=Neut|Number=Sing	incolumen	advcl:pred	238
1	237	T	NOUN	NOUN		Titus	obl	238
1	238	persistet	VERB	verb	Mood=Ind|Number=Sing|Person=3|Tense=Fut|VerbForm=Fin|Voice=Act	persisto	ROOT	238
1	239	E	ADP	preposition		Ex	case	241
1	240	14	NUM	number		14	nummod	239
1	241	operatione	NOUN	noun	Case=Abl|Gender=Fem|Number=Sing	operatio	obl	238
1	242	se	PRON	pronoun	Case=Acc|Person=3	sui	nmod	241
1	243	udilectione	NOUN	noun	Case=Abl|Gender=Fem|Number=Sing	udilectio	nmod	241
1	244	T	NOUN	NOUN		Titus	nmod	241
1	245	(	PUNCT	punc		(	punct	247
1	246	ift	ADV	adverb		ifs	cc	247
1	247	margine	NOUN	noun	Case=Abl|Gender=Masc|Number=Sing	margo	conj:expl	241
1	248	:	PUNCT	punc		:	punct	247
1	249	uel	CCONJ	conjunction		uel	cc	250
1	250	assidua	ADJ	adjective	Case=Nom|Gender=Fem|Number=Sing	assiduus	ROOT	250
1	251	)	PUNCT	punc		)	punct	250
1	252	15	NUM	number		15	nummod	250
1	253	in	ADP	preposition		in	nummod	250
1	254	]	PUNCT	punc		]	advcl	250
1	255	ut	SCONJ	conjunction		ut	mark	261
1	256	in	ADP	preposition		in	case	257
1	257	E2	NUM	number		E2	orphan	261
1	258	Ιυ	X	X		Ιυ	flat	257
1	259	tua	DET	adjective	Case=Nom|Gender=Fem|Number=Sing	tuus	det	261
1	260	sancta	ADJ	adjective	Case=Nom|Gender=Fem|Number=Sing	sanctus	amod	261
1	261	ecclesia	NOUN	noun	Case=Nom|Gender=Fem|Number=Sing	ecclesia	advcl:cmp	250
1	262	I	NUM	number		I	nummod	264
1	263	,	PUNCT	punc		,	punct	264
1	264	ecclesia	NOUN	noun	Case=Nom|Gender=Fem|Number=Sing	ecclesia	orphan	261
1	265	sancta	ADJ	adjective	Case=Nom|Gender=Fem|Number=Sing	sanctus	amod	264
1	266	tua	DET	adjective	Case=Nom|Gender=Fem|Number=Sing	tuus	det	264
1	267	v	NUM	number		u	nummod	264
1	268	semper	ADV	adverb		semper	advmod:tmod	264
1	269	om	NOUN	adjective		om	nmod	264
1	270	.	PUNCT	punc		.	punct	269
1	271	v	NUM	number		v	case	272
1	272	nos	PRON	pronoun	Case=Acc|Number=Plur|Person=1	nos	ROOT	272
1	273	om	NOUN	adjective		om	nmod	272
1	274	.	PUNCT	punc		.	punct	273
1	275	T	NOUN	conjunction		Titus	obl	281
1	276	quoniam	SCONJ	conjunction		quoniam	mark	278
1	277	tibi	PRON	pronoun	Case=Dat|Number=Sing|Person=2	tu	obl:arg	278
1	278	flectimus	VERB	verb	Mood=Ind|Number=Plur|Person=1|Tense=Pres|VerbForm=Fin|Voice=Act	flecto	advcl	281
1	279	genua	NOUN	proper_noun	Case=Acc|Gender=Neut|Number=Plur	genu	obj	278
1	280	,	PUNCT	punc		,	punct	278
1	281	curuamus	VERB	verb	Mood=Sub|Number=Plur|Person=1|Tense=Pres|VerbForm=Fin|Voice=Act	curuo	ROOT	281
1	282	ceruices	NOUN	noun	Case=Acc|Gender=Fem|Number=Plur	ceruix	obj	281
1	283	,	PUNCT	punc		,	punct	287
1	284	cui	PRON	pronoun	Case=Dat|Gender=Fem|Number=Sing	qui	dep	287
1	285	angeli	NOUN	noun	Case=Nom|Gender=Masc|Number=Plur	angelus	nsubj	287
1	286	archangeli	NOUN	noun	Case=Nom|Gender=Masc|Number=Plur	archangelus	nmod	285
1	287	milia	NUM	number	Case=Acc|Gender=Neut|Number=Plur	mille	acl:relcl	282
1	288	milium	NUM	number	Case=Gen|Gender=Neut|Number=Plur	mille	nmod	287
1	289	martyrum	NOUN	noun	Case=Gen|Gender=Masc|Number=Plur	martyr	nmod	288
1	290	.	PUNCT	punc		.	punct	281
1	291	chorus	NOUN	noun	Case=Nom|Gender=Masc|Number=Sing	chorus	nsubj	296
1	292	apostolorum	NOUN	noun	Case=Gen|Gender=Masc|Number=Plur	apostolus	nmod	291
1	293	et	CCONJ	conjunction		et	cc	294
1	294	prophetarum	NOUN	noun	Case=Gen|Gender=Masc|Number=Plur	propheta	conj	292
1	295	gloria	NOUN	noun	Case=Abl|Gender=Fem|Number=Sing	gloria	obl	296
1	296	exultant	VERB	verb	Mood=Ind|Number=Plur|Person=3|Tense=Pres|VerbForm=Fin|Voice=Act	exulto	ROOT	296
1	297	,	PUNCT	punc		,	punct	302
1	298	cui	PRON	pronoun	Case=Dat|Gender=Fem|Number=Sing	qui	obl:arg	302
1	299	omnes	DET	adjective	Case=Nom|Gender=Fem|Number=Plur	omnis	det	300
1	300	aues	NOUN	noun	Case=Nom|Gender=Fem|Number=Plur	auis	nsubj	302
1	301	laudes	NOUN	noun	Case=Acc|Gender=Fem|Number=Plur	laus	obj	302
1	302	canunt	VERB	verb	Mood=Ind|Number=Plur|Person=3|Tense=Pres|VerbForm=Fin|Voice=Act	cano	acl:relcl	296
1	303	,	PUNCT	punc		,	punct	305
1	304	linguae	NOUN	noun	Case=Nom|Gender=Fem|Number=Plur	lingua	nsubj	305
1	305	confitentur	VERB	verb	Mood=Ind|Number=Plur|Person=3|Tense=Pres|VerbForm=Fin|Voice=Pass	confiteor	conj	302
1	306	caelestium	ADJ	adjective	Case=Gen|Gender=Neut|Number=Plur	caelestis	amod	305
1	307	terrestrium	ADJ	adjective	Case=Gen|Gender=Neut|Number=Plur	terrestris	amod	306
1	308	et	CCONJ	conjunction		et	cc	309
1	309	infernorum	PROPN	proper_noun	Case=Gen|Gender=Neut|Number=Plur	infernus	conj	307
1	310	:	PUNCT	punc		:	punct	296
1	311	tibi	PRON	pronoun	Case=Dat|Number=Sing|Person=2	tibi	obl:arg	319
1	312	omnes	DET	adjective	Case=Nom|Gender=Fem|Number=Plur	omnis	det	313
1	313	aquae	NOUN	noun	Case=Nom|Gender=Fem|Number=Plur	aqua	nsubj	319
1	314	in	ADP	preposition		in	case	315
1	315	caelo	NOUN	noun	Case=Abl|Gender=Neut|Number=Sing	caelum	obl	319
1	316	et	CCONJ	conjunction		et	cc	318
1	317	sub	ADP	preposition		sub	case	318
1	318	caelo	NOUN	noun	Case=Abl|Gender=Neut|Number=Sing	caelum	conj	315
1	319	confitentur	VERB	verb	Mood=Ind|Number=Plur|Person=3|Tense=Pres|VerbForm=Fin|Voice=Pass	confiteor	ROOT	319
1	320	,	PUNCT	punc		,	punct	323
1	321	te	PRON	pronoun	Case=Acc|Number=Sing|Person=2	tu	obj	323
1	322	insensibilia	ADJ	adjective	Case=Acc|Gender=Neut|Number=Plur	insensibilis	obj	323
1	323	sentiunt	VERB	verb	Mood=Ind|Number=Plur|Person=3|Tense=Pres|VerbForm=Fin|Voice=Act	sentio	conj	319
1	324	:	PUNCT	punc		:	punct	319
1	325	tu	PRON	pronoun	Case=Nom|Number=Sing|Person=2	tu	nsubj	327
1	326	es	AUX	verb	Mood=Ind|Number=Sing|Person=2|Tense=Pres|VerbForm=Fin	sum	cop	327
1	327	solus	DET	adjective	Case=Nom|Gender=Masc|Number=Sing	solus	ROOT	327
1	328	et	CCONJ	conjunction		et	cc	330
1	329	praeter	ADP	preposition		praeter	case	330
1	330	te	PRON	pronoun	Case=Acc|Number=Sing|Person=2	tu	conj	327
1	331	nemo	PRON	pronoun	Case=Nom	nemo	conj	327
1	332	.	PUNCT	punc		.	punct	327
1	333	te	PRON	pronoun	Case=Acc|Number=Sing|Person=2	tu	obj	334
1	334	quaesumus	VERB	verb	Mood=Ind|Number=Plur|Person=1|Tense=Pres|VerbForm=Fin|Voice=Act	quaeso	ROOT	334
1	335	,	PUNCT	punc		,	punct	336
1	336	Domine	NOUN	noun	Case=Voc|Gender=Masc|Number=Sing	Dominus	vocative	334
1	337	pater	NOUN	noun	Case=Voc|Gender=Masc|Number=Sing	pater	flat	336
1	338	omnipotens	ADJ	adjective	Case=Nom|Gender=Masc|Number=Sing	omnipotens	amod	337
1	339	,	PUNCT	punc		,	punct	343
1	340	qui	PRON	pronoun	Case=Nom|Gender=Masc|Number=Sing	qui	nsubj	342
1	341	soli	DET	adjective	Case=Abl|Gender=Masc|Number=Sing	solus	det	342
1	342	filio	NOUN	noun	Case=Abl|Gender=Masc|Number=Sing	filius	obl	343
1	343	conspectabilis	ADJ	adjective	Case=Nom|Gender=Masc|Number=Sing	conspectabilis	acl:relcl	336
1	344	es	AUX	verb	Mood=Ind|Number=Sing|Person=2|Tense=Pres|VerbForm=Fin	sum	cop	343
1	345	:	PUNCT	punc		:	punct	334
1	346	angeli	NOUN	noun	Case=Nom|Gender=Masc|Number=Plur	angeli	nsubj	349
1	347	et	CCONJ	conjunction		et	cc	348
1	348	archangeli	NOUN	noun	Case=Nom|Gender=Masc|Number=Plur	archangelus	conj	346
1	349	obtemperant	VERB	verb	Mood=Ind|Number=Plur|Person=3|Tense=Pres|VerbForm=Fin|Voice=Act	obtempero	ROOT	349
1	350	tibi	PRON	pronoun	Case=Dat|Number=Sing|Person=2	tu	obl:arg	349
1	351	Domine	NOUN	noun	Case=Voc|Gender=Masc|Number=Sing	Dominus	vocative	349
1	352	pater	NOUN	noun	Case=Voc|Gender=Masc|Number=Sing	pater	flat	351
1	353	:	PUNCT	punc		:	punct	349
1	354	te	PRON	pronoun	Case=Acc|Number=Sing|Person=2	tu	obj	355
1	355	oramus	VERB	verb	Mood=Ind|Number=Plur|Person=1|Tense=Pres|VerbForm=Fin|Voice=Act	oro	ROOT	355
1	356	,	PUNCT	punc		,	punct	357
1	357	tribuas	VERB	verb	Mood=Sub|Number=Sing|Person=2|Tense=Pres|VerbForm=Fin|Voice=Act	tribuo	conj	355
1	358	nobis	PRON	pronoun	Case=Dat|Number=Plur|Person=1	nos	obl:arg	357
1	359	mentem	NOUN	noun	Case=Acc|Gender=Fem|Number=Sing	mens	obj	357
1	360	integram	ADJ	adjective	Case=Acc|Gender=Fem|Number=Sing	integer	amod	359
1	361	,	PUNCT	punc		,	punct	362
1	362	innocentiam	NOUN	noun	Case=Acc|Gender=Fem|Number=Sing	innocentia	conj	359
1	363	puram	ADJ	adjective	Case=Acc|Gender=Fem|Number=Sing	purus	amod	362
1	364	,	PUNCT	punc		,	punct	365
1	365	sinceritatem	NOUN	noun	Case=Acc|Gender=Fem|Number=Sing	sinceritas	conj	359
1	366	deuotam	VERB	verb	Case=Acc|Gender=Fem|Number=Sing|VerbForm=Part|Voice=Pass	deuoueo	amod	365
1	367	,	PUNCT	punc		,	punct	368
1	368	conscientiam	NOUN	noun	Case=Acc|Gender=Fem|Number=Sing	conscientia	conj	359
1	369	sanctam	ADJ	adjective	Case=Acc|Gender=Fem|Number=Sing	sanctus	amod	368
1	370	[	PUNCT	punc		[	advcl	357
1	371	puram	ADJ	adjective	Case=Acc|Gender=Fem|Number=Sing	purus	amod	378
1	372	]	PUNCT	punc		]	advcl	357
1	373	sobriam	ADJ	adjective	Case=Acc|Gender=Fem|Number=Sing	sobrius	amod	359
1	374	castam	ADJ	adjective	Case=Acc|Gender=Fem|Number=Sing	castus	amod	373
1	375	,	PUNCT	punc		,	punct	382
1	376	contra	ADP	preposition		contra	case	378
1	377	omnes	DET	adjective	Case=Acc|Gender=Fem|Number=Plur	omnis	det	378
1	378	insidias	NOUN	noun	Case=Acc|Gender=Fem|Number=Plur	insidia	obl	382
1	379	saeculi	NOUN	noun	Case=Gen|Gender=Neut|Number=Sing	saeculum	nmod	378
1	380	gloriosa	ADJ	adjective	Case=Abl|Gender=Fem|Number=Sing	gloriosus	amod	381
1	381	fide	NOUN	noun	Case=Abl|Gender=Fem|Number=Sing	fides	obl	382
1	382	degentem	VERB	verb	Case=Acc|Gender=Fem|Number=Sing|VerbForm=Part|Voice=Act	dego	conj	360
1	383	:	PUNCT	punc		:	punct	355
1	384	contra	ADV	preposition		contra	mark	392
1	385	diaboli	PROPN	proper_noun	Case=Gen|Gender=Masc|Number=Sing	diabolus	nmod	386
1	386	minas	NOUN	noun	Case=Acc|Gender=Fem|Number=Plur	minae	obl	392
1	387	et	CCONJ	conjunction		et	cc	389
1	388	carnales	ADJ	adjective	Case=Acc|Gender=Fem|Number=Plur	carnalis	amod	389
1	389	inlecebras	NOUN	adjective	Case=Acc|Gender=Fem|Number=Plur	inlecebra	conj	386
1	390	munitum	VERB	verb	Case=Acc|Gender=Neut|Number=Sing|VerbForm=Part|Voice=Pass	munio	acl	391
1	391	pectus	NOUN	noun	Case=Acc|Gender=Neut|Number=Sing	pectus	obj	392
1	392	concedas	VERB	verb	Mood=Sub|Number=Sing|Person=2|Tense=Pres|VerbForm=Fin|Voice=Act	concedo	ROOT	392
1	393	,	PUNCT	punc		,	punct	394
1	394	ne	SCONJ	conjunction		ne	mark	401
1	395	uiolenti	ADJ	adjective	Case=Dat|Gender=Masc|Number=Sing	uiolentus	amod	398
1	396	et	CCONJ	conjunction		et	cc	397
1	397	cruenti	ADJ	adjective	Case=Dat|Gender=Masc|Number=Sing	cruens	conj	395
1	398	hostis	NOUN	noun	Case=Nom|Gender=Masc|Number=Sing	hostis	nsubj:pass	401
1	399	letalibus	ADJ	adjective	Case=Abl|Gender=Masc|Number=Plur	letalis	amod	400
1	400	laqueis	NOUN	noun	Case=Abl|Gender=Masc|Number=Plur	laqueus	obl	401
1	401	implicemur	VERB	verb	Mood=Sub|Number=Plur|Person=1|Tense=Pres|VerbForm=Fin|Voice=Pass	implico	advcl	392
1	402	,	PUNCT	punc		,	punct	403
1	403	ut	SCONJ	conjunction		ut	mark	408
1	404	signum	NOUN	noun	Case=Acc|Gender=Neut|Number=Sing	signum	obj	408
1	405	salutis	NOUN	noun	Case=Gen|Gender=Fem|Number=Sing	salus	nmod	404
1	406	aeternae	ADJ	adjective	Case=Gen|Gender=Fem|Number=Sing	aeternus	amod	405
1	407	incolume	ADV	adverb		incolumis	advmod	408
1	408	perferamus	VERB	verb	Mood=Sub|Number=Plur|Person=1|Tense=Pres|VerbForm=Fin|Voice=Act	perfero	advcl	401
1	409	.	PUNCT	punc		.	punct	392
1	410	arce	NOUN	noun	Case=Abl|Gender=Fem|Number=Sing	arx	ROOT	410
1	411	a	ADP	preposition		ab	case	412
1	412	nobis	PRON	pronoun	Case=Abl|Number=Plur|Person=1	nos	obl	410
1	413	omnem	DET	adjective	Case=Acc|Gender=Fem|Number=Sing	omnis	det	415
1	414	saeculi	NOUN	noun	Case=Gen|Gender=Neut|Number=Sing	saeculum	dep	415
1	415	inluuiem	VERB	noun	Mood=Ind|Number=Sing|Person=1|Tense=Fut|VerbForm=Fin|Voice=Act	inluuies	obj	410
1	416	omnem	DET	adjective	Case=Acc|Gender=Fem|Number=Sing	omnis	det	419
1	417	que	DET	adjective	Case=Acc|Gender=Fem|Number=Sing	que	det	419
1	418	diaboli	PROPN	proper_noun	Case=Gen|Gender=Masc|Number=Sing	diabolus	nmod	419
1	419	persuasionem	NOUN	noun	Case=Acc|Gender=Fem|Number=Sing	persuasio	obj	415
1	420	.	PUNCT	punc		.	punct	410
1	421	laqueetur	VERB	verb	Mood=Sub|Number=Sing|Person=3|Tense=Pres|VerbForm=Fin|Voice=Pass	laqueo	ROOT	421
1	422	,	PUNCT	punc		,	punct	423
1	423	concidat	VERB	verb	Mood=Sub|Number=Sing|Person=3|Tense=Pres|VerbForm=Fin|Voice=Act	concido	conj	421
1	424	et	CCONJ	conjunction		et	cc	425
1	425	separetur	VERB	verb	Mood=Sub|Number=Sing|Person=3|Tense=Pres|VerbForm=Fin|Voice=Pass	separo	conj	421
1	426	et	CCONJ	conjunction		et	cc	427
1	427	amoueatur	VERB	verb	Mood=Sub|Number=Sing|Person=3|Tense=Pres|VerbForm=Fin|Voice=Pass	amoueo	conj	421
1	428	,	PUNCT	punc		,	punct	429
1	429	sicut	SCONJ	conjunction		sicut	mark	437
1	430	a	ADP	preposition		ab	case	431
1	431	Sarra	PROPN	proper_noun	Case=Abl|Gender=Fem|Number=Sing	Sarra	dep	437
1	432	famula	NOUN	noun	Case=Abl|Gender=Fem|Number=Sing	famula	appos	431
1	433	tua	DET	adjective	Case=Abl|Gender=Fem|Number=Sing	tuus	det	432
1	434	Asmodaeus	ADJ	adjective	Case=Nom|Gender=Masc|Number=Sing	Asmodaeus	amod	435
1	435	daemon	NOUN	noun	Case=Nom|Gender=Masc|Number=Sing	daemon	nsubj:pass	437
1	436	nequissimus	ADJ	adjective	Case=Nom|Gender=Masc|Number=Sing	nequus	amod	435
1	437	extinctus	VERB	verb	Case=Nom|Gender=Masc|Number=Sing|VerbForm=Part|Voice=Pass	extinguo	advcl:cmp	421
1	438	est	AUX	verb	Mood=Ind|Number=Sing|Person=3|Tense=Pres|VerbForm=Fin	sum	aux:pass	437
1	439	per	ADP	preposition		per	case	440
1	440	angelum	NOUN	noun	Case=Acc|Gender=Masc|Number=Sing	angelus	obl	437
1	441	tuum	DET	adjective	Case=Acc|Gender=Masc|Number=Sing	tuus	det	440
1	442	sanctum	ADJ	adjective	Case=Acc|Gender=Masc|Number=Sing	sanctus	amod	440
1	443	tuum	DET	adjective	Case=Acc|Gender=Masc|Number=Sing	tuus	det	440
1	444	Raphael	PROPN	proper_noun	Case=Nom|Gender=Masc|Number=Sing	Raphael	flat	440
1	445	.	PUNCT	punc		.	punct	421
1	446	et	CCONJ	conjunction		et	cc	454
1	447	sicut	SCONJ	conjunction		sicut	mark	449
1	448	Tobiae	NOUN	noun	Case=Dat|Gender=Fem|Number=Sing	Tobia	obl:arg	449
1	449	adfuisti	VERB	verb	Mood=Ind|Number=Sing|Person=2|Tense=Perf|VerbForm=Fin|Voice=Act	adsum	advcl	454
1	450	,	PUNCT	punc		,	punct	449
1	451	ita	ADV	adverb		ita	advmod	454
1	452	mihi	PRON	pronoun	Case=Dat|Number=Sing|Person=1	ego	obl	453
1	453	adesse	VERB	verb	Tense=Pres|VerbForm=Inf|Voice=Act	adsum	xcomp	454
1	454	digneris	VERB	verb	Mood=Sub|Number=Sing|Person=2|Tense=Perf|VerbForm=Fin|Voice=Act	digno	ROOT	454
1	455	.	PUNCT	punc		.	punct	454
1	456	et	CCONJ	conjunction		et	cc	473
1	457	ut	SCONJ	conjunction		ut	mark	465
1	458	tribus	NUM	number	Case=Abl|Gender=Masc|Number=Plur	tres	nummod	459
1	459	pueris	NOUN	noun	Case=Abl|Gender=Masc|Number=Plur	puer	obl:arg	465
1	460	in	ADP	preposition		in	case	461
1	461	camino	NOUN	noun	Case=Abl|Gender=Neut|Number=Sing	caminus	obl	465
1	462	et	CCONJ	conjunction		et	cc	463
1	463	Danielo	PROPN	proper_noun	Case=Abl|Gender=Masc|Number=Sing	Danielus	conj	461
1	464	misericordiam	NOUN	noun	Case=Acc|Gender=Fem|Number=Sing	misericordia	obj	465
1	465	praestitisti	VERB	verb	Mood=Ind|Number=Sing|Person=2|Tense=Perf|VerbForm=Fin|Voice=Act	praesto	advcl	473
1	466	,	PUNCT	punc		,	punct	465
1	467	sic	ADV	adverb		sic	advmod	473
1	468	circa	ADP	preposition		circa	case	469
1	469	nos	PRON	pronoun	Case=Acc|Number=Plur|Person=1	nos	obl	472
1	470	tuos	DET	adjective	Case=Acc|Gender=Masc|Number=Plur	tuus	det	471
1	471	famulos	NOUN	noun	Case=Acc|Gender=Masc|Number=Plur	famulus	obj	472
1	472	facere	VERB	verb	Tense=Pres|VerbForm=Inf|Voice=Act	facio	xcomp	473
1	473	digneris	VERB	verb	Mood=Sub|Number=Sing|Person=2|Tense=Perf|VerbForm=Fin|Voice=Act	digno	ROOT	473
1	474	.	PUNCT	punc		.	punct	473
1	475	qui	PRON	pronoun	Case=Nom|Gender=Masc|Number=Plur	qui	nsubj	477
1	476	mortuos	VERB	verb	Case=Acc|Gender=Masc|Number=Plur|VerbForm=Part|Voice=Pass	mortuus	ccomp	477
1	477	suscitasti	VERB	verb	Mood=Ind|Number=Sing|Person=2|Tense=Perf|VerbForm=Fin|Voice=Act	suscito	ROOT	477
1	478	,	PUNCT	punc		,	punct	480
1	479	caecos	ADJ	noun	Case=Acc|Gender=Masc|Number=Plur	caecus	obj	480
1	480	inluminasti	VERB	verb	Mood=Ind|Number=Sing|Person=2|Tense=Perf|VerbForm=Fin|Voice=Act	inlumino	conj	477
1	481	,	PUNCT	punc		,	punct	483
1	482	surdis	ADJ	adjective	Case=Dat|Gender=Masc|Number=Plur	surdus	obl:arg	483
1	483	auditum	NOUN	noun	Case=Acc|Gender=Masc|Number=Sing	audio	conj	477
1	484	,	PUNCT	punc		,	punct	486
1	485	mutis	ADJ	verb	Case=Dat|Gender=Masc|Number=Plur	mutus	obl	486
1	486	eloquium	NOUN	noun	Case=Acc|Gender=Neut|Number=Sing	eloquium	conj	477
1	487	,	PUNCT	punc		,	punct	489
1	488	claudis	ADJ	adjective	Case=Dat|Gender=Masc|Number=Plur	claudus	obl	489
1	489	gressum	NOUN	noun	Case=Acc|Gender=Masc|Number=Sing	gressus	conj	477
1	490	,	PUNCT	punc		,	punct	493
1	491	leprosis	ADJ	noun	Case=Dat|Gender=Masc|Number=Plur	leprosus	obl:arg	493
1	492	sanitatem	NOUN	noun	Case=Acc|Gender=Fem|Number=Sing	sanitas	obj	493
1	493	dedisti	VERB	verb	Mood=Ind|Number=Sing|Person=2|Tense=Perf|VerbForm=Fin|Voice=Act	do	conj	477
1	494	:	PUNCT	punc		:	punct	477
1	495	ita	ADV	adverb		ita	advmod	496
1	496	da	VERB	preposition	Mood=Imp|Number=Sing|Person=2|Tense=Pres|VerbForm=Fin|Voice=Act	do	ROOT	496
1	497	famulis	NOUN	noun	Case=Dat|Gender=Masc|Number=Plur	famula	obl:arg	496
1	498	tuis	DET	adjective	Case=Dat|Gender=Masc|Number=Plur	tuus	det	497
1	499	,	PUNCT	punc		,	punct	506
1	500	qui	PRON	pronoun	Case=Nom|Gender=Masc|Number=Plur	qui	nsubj	506
1	501	in	ADP	preposition		in	case	502
1	502	te	PRON	pronoun	Case=Acc|Number=Sing|Person=2	tu	obl	506
1	503	tota	DET	adjective	Case=Abl|Gender=Fem|Number=Sing	totus	det	504
1	504	uirtute	NOUN	noun	Case=Abl|Gender=Fem|Number=Sing	uirtus	obl	506
1	505	mentis	NOUN	noun	Case=Gen|Gender=Fem|Number=Sing	mens	nmod	504
1	506	credimus	VERB	verb	Mood=Ind|Number=Plur|Person=1|Tense=Pres|VerbForm=Fin|Voice=Act	credo	acl:relcl	497
1	507	natum	VERB	verb	Case=Acc|Gender=Masc|Number=Sing|VerbForm=Part|Voice=Pass	nascor	ccomp	506
1	508	passum	VERB	verb	Case=Acc|Gender=Masc|Number=Sing|VerbForm=Part|Voice=Pass	passus	ccomp	506
1	509	.	PUNCT	punc		.	punct	496
1	510	uenturum	NOUN	noun	Case=Gen|Gender=Masc|Number=Plur	uenturum	ccomp	511
1	511	iudicare	VERB	verb	Tense=Pres|VerbForm=Inf|Voice=Act	iudico	ROOT	511
1	512	uiuos	ADJ	adjective	Case=Acc|Gender=Masc|Number=Plur	uiuus	obj	511
1	513	et	CCONJ	conjunction		et	cc	514
1	514	mortuos	VERB	verb	Case=Acc|Gender=Masc|Number=Plur|VerbForm=Part|Voice=Pass	mortuus	conj	512
1	515	.	PUNCT	punc		.	punct	511
1	516	adsiste	VERB	verb	Mood=Imp|Number=Plur|Person=2|Tense=Pres|VerbForm=Fin|Voice=Act	adsisto	ROOT	516
1	517	nobis	PRON	pronoun	Case=Dat|Number=Plur|Person=1	nos	obl:arg	516
1	518	,	PUNCT	punc		,	punct	520
1	519	sicut	SCONJ	conjunction		sicut	mark	520
1	520	apostolis	NOUN	noun	Case=Dat|Gender=Masc|Number=Plur	apostolus	advcl	516
1	521	in	ADP	preposition		in	case	522
1	522	uinculis	NOUN	noun	Case=Abl|Gender=Neut|Number=Plur	uinculum	dep	520
1	523	,	PUNCT	punc		,	punct	524
1	524	Teclae	VERB	noun	Mood=Imp|Number=Plur|Person=2|Tense=Pres|VerbForm=Fin|Voice=Act	Tecla	conj	516
1	525	in	ADP	preposition		in	case	526
1	526	ignibus	NOUN	noun	Case=Abl|Gender=Masc|Number=Plur	ignis	nmod	524
1	527	,	PUNCT	punc		,	punct	528
1	528	Paulo	ADV	noun		Paulus	conj	516
1	529	in	ADP	preposition		in	case	530
1	530	persecutionibus	NOUN	noun	Case=Abl|Gender=Fem|Number=Plur	persecutio	obl	516
1	531	,	PUNCT	punc		,	punct	532
1	532	Petro	PROPN	proper_noun	Case=Dat|Gender=Masc|Number=Sing	Petrus	conj	516
1	533	in	ADP	preposition		in	case	534
1	534	fluctibus	NOUN	noun	Case=Abl|Gender=Masc|Number=Plur	fluctus	obl	516
1	535	.	PUNCT	punc		.	punct	516
1	536	qui	PRON	pronoun	Case=Nom|Gender=Masc|Number=Sing	qui	nsubj	537
1	537	sedes	NOUN	verb	Case=Acc|Gender=Fem|Number=Plur	sedes	csubj	545
1	538	super	ADP	preposition		super	case	540
1	539	septem	NUM	number		septem	nummod	540
1	540	thronos	NOUN	noun	Case=Acc|Gender=Masc|Number=Plur	thronus	obl	537
1	541	ad	ADP	preposition		ad	case	542
1	542	dexteram	ADJ	noun	Case=Acc|Gender=Fem|Number=Sing	dextera	obl	537
1	543	patris	NOUN	noun	Case=Gen|Gender=Masc|Number=Sing	pater	nmod	542
1	544	,	PUNCT	punc		,	punct	537
1	545	respice	VERB	verb	Mood=Imp|Number=Sing|Person=2|Tense=Pres|VerbForm=Fin|Voice=Act	respicio	ROOT	545
1	546	nos	PRON	pronoun	Case=Acc|Number=Plur|Person=1	nos	obj	545
1	547	et	CCONJ	conjunction		et	cc	548
1	548	libera	VERB	adjective	Mood=Imp|Number=Sing|Person=2|Tense=Pres|VerbForm=Fin|Voice=Act	liber	conj	545
1	549	1	NUM	number		1	nummod	548
1	550	et	CCONJ	conjunction		et	cc	551
1	551	curuamua	VERB	noun	Mood=Ind|Number=Sing|Person=1|Tense=Perf|VerbForm=Fin|Voice=Act	curuamua	conj	548
1	552	EIv	INTJ	verb		EIv	conj	545
1	553	2	NUM	number		2	nummod	554
1	554	miliorum	NUM	number	Case=Gen|Gender=Neut|Number=Plur	milium	nmod	552
1	555	EI	PRON	pronoun	Case=Dat|Gender=Masc|Number=Sing|Person=3	EI	nmod	554
1	556	,	PUNCT	punc		,	punct	557
1	557	om	NOUN	adjective		om	obl	545
1	558	.	PUNCT	punc		.	punct	557
1	559	T	NOUN	conjunction		Titus	cc	563
1	560	choros	NOUN	noun	Case=Acc|Gender=Masc|Number=Plur	chorus	obj	563
1	561	El	ADP	noun		El	obl	563
1	562	3	NUM	number		3	nummod	561
1	563	ezaltant	VERB	verb	Mood=Ind|Number=Plur|Person=3|Tense=Pres|VerbForm=Fin|Voice=Act	ezalto	ROOT	563
1	564	ET	CCONJ	conjunction		ET	cc	565
1	565	canunt	VERB	verb	Mood=Ind|Number=Plur|Person=3|Tense=Pres|VerbForm=Fin|Voice=Act	cano	conj	563
1	566	laudes	NOUN	noun	Case=Nom|Gender=Fem|Number=Plur	laus	obj	565
1	567	v	NUM	number		u	obl	565
1	568	5	NUM	number		5	nummod	567
1	569	injsensabilia	ADJ	adjective	Case=Acc|Gender=Neut|Number=Plur	injsensabilia	conj	563
1	570	ET1	NUM	conjunction		ET1	advmod	563
1	571	praeter	ADP	preposition		praeter	case	572
1	572	te	PRON	pronoun	Case=Acc|Number=Sing|Person=2	tu	obl	563
1	573	]	PUNCT	punc		]	conj	563
1	574	add	NOUN	verb		add	obl	563
1	575	.	PUNCT	punc		.	punct	574
1	576	v	NOUN	number		u	ROOT	576
1	577	.	PUNCT	punc		.	punct	576
1	578	et	CCONJ	conjunction		et	cc	584
1	579	extra	ADP	preposition		extra	case	580
1	580	te	PRON	pronoun	Case=Acc|Number=Sing|Person=2	tu	obl	584
1	581	6	NUM	number		6	nummod	583
1	582	soli	DET	adjective	Case=Dat|Gender=Masc|Number=Sing	solus	det	583
1	583	filio	NOUN	noun	Case=Dat|Gender=Masc|Number=Sing	filius	appos	580
1	584	]	PUNCT	punc		]	ROOT	584
1	585	solio	VERB	verb	Mood=Ind|Number=Sing|Person=1|Tense=Pres|VerbForm=Fin|Voice=Act	solium	parataxis	584
1	586	T	NOUN	NOUN		Titus	punct	584
1	587	conpetabiles	ADJ	adjective	Case=Nom|Gender=Masc|Number=Plur	conpetabilis	amod	584
1	588	T	NOUN	NOUN		Titus	nummod	587
1	589	,	PUNCT	punc		,	punct	590
1	590	conspicabilis	ADJ	adjective	Case=Nom|Gender=Masc|Number=Sing	conspicabilis	conj	584
1	591	a	ADP	ADP		a	case	592
1	592	7	NUM	number		7	obl	590
1	593	es	AUX	verb	Mood=Ind|Number=Sing|Person=2|Tense=Pres|VerbForm=Fin	sum	cop	590
1	594	]	PUNCT	punc		]	advcl	590
1	595	ea	PRON	pronoun	Case=Acc|Gender=Neut|Number=Plur|Person=3	is	obl	590
1	596	cuius	PRON	pronoun	Case=Gen|Gender=Fem|Number=Sing	qui	nmod	595
1	597	EIv	PRON	pronoun	Case=Dat|Gender=Masc|Number=Sing|Person=3	EIv	parataxis	584
1	598	archangeli	NOUN	noun	Case=Nom|Gender=Masc|Number=Plur	archangelus	nsubj	597
1	599	et	CCONJ	conjunction		et	cc	600
1	600	angeli	NOUN	noun	Case=Nom|Gender=Masc|Number=Plur	angelus	conj	598
1	601	infra	ADP	adverb		infra	case	602
1	602	T	NOUN	NOUN		Titus	obl	597
1	603	domine	NOUN	noun	Case=Voc|Gender=Masc|Number=Sing	dominus	vocative	584
1	604	pater	NOUN	noun	Case=Voc|Gender=Masc|Number=Sing	pater	flat	603
1	605	]	PUNCT	punc		]	punct	603
1	606	per	ADP	ADP		per	case	607
1	607	quem	PRON	pronoun	Case=Acc|Gender=Masc|Number=Sing	qui	obl	611
1	608	T	NOUN	NOUN		Titus	obl	611
1	609	8	NUM	number		8	nummod	608
1	610	ut	SCONJ	conjunction		ut	mark	611
1	611	tribuas	VERB	verb	Mood=Sub|Number=Sing|Person=2|Tense=Pres|VerbForm=Fin|Voice=Act	tribuo	acl:relcl	603
1	612	EIv	PRON	verb	Case=Dat|Gender=Masc|Number=Sing|Person=3	EIv	obl:arg	611
1	613	9	NUM	number		9	nummod	612
1	614	puram	ADJ	adjective	Case=Acc|Gender=Fem|Number=Sing	purus	amod	615
1	615	om	NOUN	adjective		om	conj	611
1	616	.	PUNCT	punc		.	punct	615
1	617	EIT	ADV	conjunction		eIT	ROOT	617
1	618	10	NUM	number		10	obl	617
1	619	degentem	VERB	verb	Case=Acc|Gender=Masc|Number=Sing|VerbForm=Part|Voice=Act	dego	ccomp	617
1	620	]	PUNCT	punc		]	advcl	619
1	621	uerentem	VERB	verb	Case=Acc|Gender=Masc|Number=Sing|VerbForm=Part|Voice=Act	uereor	dep	617
1	622	T	NOUN	NOUN		Titus	obl	617
1	623	11	NUM	number		11	nummod	622
1	624	ne	PART	adverb		ne	advmod	617
1	625	ex	ADP	ADP		ex	fixed	624
1	626	nec	CCONJ	conjunction		neque	cc	629
1	627	E	NOUN	ADP		E	advmod	617
1	628	12	NUM	number		12	nummod	627
1	629	hostis	NOUN	noun	Case=Nom|Gender=Masc|Number=Sing	hostis	conj	617
1	630	om	NOUN	noun		om	orphan	629
1	631	.	PUNCT	punc		.	punct	630
1	632	EI	PRON	pronoun	Case=Dat|Gender=Masc|Number=Sing|Person=3	Is	case	637
1	633	letabilibus	ADJ	adjective	Case=Abl|Gender=Neut|Number=Plur	letabilibus	amod	632
1	634	ET	CCONJ	conjunction		ET	cc	635
1	635	18	NUM	number		18	nummod	632
1	636	incolumem	ADJ	adjective	Case=Acc|Gender=Masc|Number=Sing	incolumis	amod	637
1	637	E	NOUN	proper_noun		E	obl	642
1	638	,	PUNCT	punc		,	punct	637
1	639	incolumen	ADJ	adjective	Case=Acc|Gender=Masc|Number=Sing	incolumen	xcomp	642
1	640	T	NOUN	NOUN		Titus	obl	642
1	641	arce	NOUN	noun	Case=Abl|Gender=Fem|Number=Sing	arx	xcomp	642
1	642	scripsi	VERB	verb	Mood=Ind|Number=Sing|Person=1|Tense=Perf|VerbForm=Fin|Voice=Act	scribo	ROOT	642
1	643	,	PUNCT	punc		,	punct	644
1	644	parce	ADV	verb		parco	vocative	642
1	645	EIT	ADV	verb		EIT	advmod	644
1	646	,	PUNCT	punc		,	punct	652
1	647	pelle	NOUN	noun	Case=Abl|Gender=Fem|Number=Sing	pellis	obl	652
1	648	v	NUM	number		u	nummod	647
1	649	14	NUM	number		14	nummod	648
1	650	laqueetnr	PUNCT	adjective		laqueetnr	case	647
1	651	]	PUNCT	punc		]	dep	652
1	652	loquetur	VERB	verb	Mood=Ind|Number=Sing|Person=3|Tense=Fut|VerbForm=Fin|Voice=Pass	loquor	ccomp	644
1	653	T	NOUN	NOUN		Titus	obl	654
1	654	separet	VERB	verb	Mood=Sub|Number=Sing|Person=3|Tense=Pres|VerbForm=Fin|Voice=Act	separo	conj	652
1	655	E	NOUN	number		E	obj	654
1	656	,	PUNCT	punc		,	punct	658
1	657	uel	CCONJ	conjunction		uel	cc	658
1	658	superetur	VERB	verb	Mood=Ind|Number=Sing|Person=3|Tense=Fut|VerbForm=Fin|Voice=Pass	supero	conj	654
1	659	8	NUM	number		8	obl	658
1	660	.	PUNCT	punc		.	punct	659
1	661	l	NOUN	proper_noun		l	ROOT	661
1	662	.	PUNCT	punc		.	punct	661
1	663	1	NUM	number		1	nummod	661
1	664	,	PUNCT	punc		,	punct	665
1	665	superetur	VERB	verb	Mood=Ind|Number=Sing|Person=3|Tense=Fut|VerbForm=Fin|Voice=Pass	supero	conj	661
1	666	v	NOUN	number		u	nsubj:pass	665
1	667	,	PUNCT	punc		,	punct	670
1	668	a	ADP	ADP		a	case	669
1	669	nobis	PRON	pronoun	Case=Abl|Number=Plur|Person=1	nos	orphan	670
1	670	add	NOUN	verb		add	obl	665
1	671	.	PUNCT	punc		.	punct	670
1	672	E2	NOUN	adverb		E2	vocative	677
1	673	υ	ADJ	number		υ	flat:foreign	672
1	674	15	NUM	number		15	nummod	673
1	675	sara	VERB	noun	Mood=Imp|Number=Sing|Person=2|Tense=Pres|VerbForm=Fin|Voice=Act	sara	flat:foreign	672
1	676	v	NUM	number		u	nummod	675
1	677	demo	VERB	adjective	Mood=Ind|Number=Sing|Person=1|Tense=Pres|VerbForm=Fin|Voice=Act	demus	ROOT	677
1	678	T	NOUN	NOUN		Titus	advmod	677
1	679	,	PUNCT	punc		,	punct	680
1	680	daemonins	VERB	verb	Case=Nom|Gender=Masc|Number=Sing|VerbForm=Part|Voice=Act	daemonins	advcl	677
1	681	E	NOUN	adjective		E	obj	680
1	682	est	AUX	verb	Mood=Ind|Number=Sing|Person=3|Tense=Pres|VerbForm=Fin	sum	aux	680
1	683	om	NOUN	adjective		om	obl	680
1	684	.	PUNCT	punc		.	punct	683
1	685	Iv	NUM	number		Iv	ROOT	685
1	686	16	NUM	number		16	nummod	685
1	687	att	NOUN	verb		att	nmod	685
1	688	.	PUNCT	punc		.	punct	687
1	689	tuum	DET	adjective	Case=Acc|Gender=Masc|Number=Sing	tuus	det	690
1	690	om	NOUN	noun		om	ROOT	690
1	691	.	PUNCT	punc		.	punct	690
1	692	v.	PUNCT	punc		v.	nmod	699
1	693	rafahel	PROPN	proper_noun		rafahel	vocative	692
1	694	T	NOUN	NOUN		Titus	appos	693
1	695	17	NUM	number		17	nummod	694
1	696	daniheli	PROPN	proper_noun	Case=Gen|Gender=Masc|Number=Sing	daniheli	dep	693
1	697	Iv	NUM	number		Iv	nummod	693
1	698	18	NUM	number		18	nmod	697
1	699	fainnlos	PROPN	adjective	Case=Acc|Gender=Masc|Number=Plur	fainnlos	ROOT	699
1	700	tnos	NOUN	noun	Case=Acc|Gender=Masc|Number=Plur	tnos	amod	699
1	701	Elv	NOUN	proper_noun		Elv	conj	699
1	702	19	NUM	number		19	cc	701
1	703	snrdos	NOUN	noun	Case=Acc|Gender=Masc|Number=Plur	snrdos	conj	699
1	704	T1	NUM	number		T1	advmod	703
1	705	mntuis	NOUN	noun	Case=Gen|Gender=Fem|Number=Sing	mntuis	nmod	703
1	706	T	NOUN	adverb		Titus	mark	699
1	707	*	PUNCT	punc		*	nummod	706
1	708	20	NUM	number		20	nummod	706
1	709	eloquia	VERB	noun	Mood=Imp|Number=Sing|Person=2|Tense=Pres|VerbForm=Fin|Voice=Act	eloquium	parataxis	699
1	710	EIv	INTJ	verb		EIv	advmod	709
1	711	ita	ADV	adverb		ita	advmod	709
1	712	et	ADV	conjunction		et	advmod:emph	713
1	713	Iv	NUM	number		Iv	obl	709
1	714	da	NOUN	verb		do	advmod	709
1	715	et	CCONJ	conjunction		et	cc	717
1	716	E	ADP	number		E	case	717
1	717	s.	PUNCT	punc		s.	conj	713
1	718	h	NOUN	NOUN		h	advmod	709
1	719	m.	PUNCT	punc		m.	punct	718
1	720	2	NUM	number		2	nummod	718
1	721	21	NUM	number		21	obl	709
1	722	in	ADP	preposition		in	case	723
1	723	otn	NOUN	noun		otn	obl	709
1	724	.	PUNCT	punc		.	punct	723
1	725	Iv	NUM	number		Iv	obl	727
1	726	24	NUM	number		24	flat	725
1	727	libera	VERB	adjective	Mood=Imp|Number=Sing|Person=2|Tense=Pres|VerbForm=Fin|Voice=Act	liber	ROOT	727
1	728	nos	PRON	pronoun	Case=Nom|Number=Plur|Person=1	nos	obj	727
1	729	Iv	NUM	number		Iv	obl	727
1	730	III	NUM	number		III	obl	727
1	731	A	NOUN	adverb		a	obl	727
1	732	.10	PUNCT	number		.10	punct	731
1	733	de	ADP	preposition		de	case	736
1	734	aeternae	ADJ	adjective	Case=Gen|Gender=Fem|Number=Sing	aeternus	amod	735
1	735	mortis	NOUN	noun	Case=Gen|Gender=Fem|Number=Sing	mors	nmod	736
1	736	interitu	NOUN	noun	Case=Abl|Gender=Masc|Number=Sing	interitus	obl	727
1	737	:	PUNCT	punc		:	punct	727
1	738	unus	NUM	number	Case=Nom|Gender=Masc|Number=Sing	unus	ROOT	738
1	739	in	ADP	preposition		in	case	740
1	740	uno	NUM	number	Case=Abl|Gender=Masc|Number=Sing	unus	obl	738
1	741	,	PUNCT	punc		,	punct	742
1	742	pater	NOUN	noun	Case=Nom|Gender=Masc|Number=Sing	pater	dep	738
1	743	in	ADP	preposition		in	case	744
1	744	filio	NOUN	noun	Case=Abl|Gender=Masc|Number=Sing	filius	nmod	742
1	745	,	PUNCT	punc		,	punct	746
1	746	filius	NOUN	noun	Case=Nom|Gender=Masc|Number=Sing	filius	conj	738
1	747	in	ADP	preposition		in	case	748
1	748	patre	NOUN	noun	Case=Abl|Gender=Masc|Number=Sing	pater	nmod	746
1	749	,	PUNCT	punc		,	punct	750
1	750	spiritus	NOUN	noun	Case=Nom|Gender=Masc|Number=Sing	spiritus	conj	738
1	751	sanctus	ADJ	adjective	Case=Nom|Gender=Masc|Number=Sing	sanctus	amod	750
1	752	,	PUNCT	punc		,	punct	754
1	753	per	ADP	preposition		per	case	754
1	754	quem	PRON	pronoun	Case=Acc|Gender=Masc|Number=Sing	qui	acl:relcl	750
1	755	et	CCONJ	conjunction		et	advmod:emph	757
1	756	cum	ADP	preposition		cum	case	757
1	757	quo	PRON	pronoun	Case=Abl|Gender=Masc|Number=Sing	qui	conj	754
1	758	est	AUX	verb	Mood=Ind|Number=Sing|Person=3|Tense=Pres|VerbForm=Fin	sum	cop	757
1	759	tibi	PRON	pronoun	Case=Dat|Number=Sing|Person=2	tu	obl	757
1	760	in	ADP	preposition		in	case	762
1	761	sancta	ADJ	adjective	Case=Abl|Gender=Fem|Number=Sing	sanctus	amod	762
1	762	ecclesia	NOUN	noun	Case=Abl|Gender=Fem|Number=Sing	ecclesia	obl	757
1	763	honor	NOUN	noun	Case=Nom|Gender=Masc|Number=Sing	honor	nsubj	738
1	764	uirtus	NOUN	noun	Case=Nom|Gender=Fem|Number=Sing	uirtus	conj	763
1	765	claritas	NOUN	noun	Case=Nom|Gender=Fem|Number=Sing	claritas	conj	763
1	766	maiestas	NOUN	noun	Case=Nom|Gender=Fem|Number=Sing	maiestas	conj	763
1	767	potestas	NOUN	noun	Case=Nom|Gender=Fem|Number=Sing	potestas	conj	763
1	768	benedictio	NOUN	noun	Case=Nom|Gender=Fem|Number=Sing	benedictio	conj	763
1	769	inmortalitas	NOUN	noun	Case=Nom|Gender=Fem|Number=Sing	inmortalitas	conj	763
1	770	nunc	ADV	adverb		nunc	advmod:tmod	763
1	771	et	CCONJ	conjunction		et	cc	773
1	772	in	ADP	preposition		in	case	773
1	773	aeternum	ADJ	adjective	Case=Acc|Gender=Neut|Number=Sing	aeternus	conj	763
1	774	semper	ADV	adverb		semper	advmod:tmod	763
1	775	et	CCONJ	conjunction		et	cc	778
1	776	in	ADP	preposition		in	case	778
1	777	omnia	DET	adjective	Case=Acc|Gender=Neut|Number=Plur	omnis	det	778
1	778	saecula	NOUN	noun	Case=Acc|Gender=Neut|Number=Plur	saeculum	conj	763
1	779	saeculorum	NOUN	noun	Case=Gen|Gender=Neut|Number=Plur	saeculum	nmod	778
1	780	.	PUNCT	punc		.	punct	738
1	781	amen	ADV	adverb		amen	ROOT	781
1	782	.	PUNCT	punc		.	punct	781
